name,section
Jolette Obtwuz,9AM
Ian Lmuqpm,11AM
Nicole Wpedyy,10AM
Nathan Dcgnil,11AM
Asiali Brntgf,10AM
Ke Ctatef,10AM
Travis Pwigmv,10AM
Roxana Coyxay,10AM
Katie Vcmaxs,11AM
Laniya Sluums,10AM
Hok Vveauw,9AM
Justin Sqkyny,11AM
Steven Whsgjj,9AM
Andrew Lhhril,10AM
Nuojinli Xgaosw,10AM
Zhufan Kmdyjn,11AM
Andrea Hnqurt,11AM
Melisa Vjdasi,9AM
Rocio Zjcfes,9AM
Cynthia Ftzabb,10AM
Bosen Kbnyna,10AM
Kyle Orbgxt,11AM
Junhao Lwfiue,9AM
Trevor Eqxfbf,11AM
Henry Yhbjez,10AM
Yiming Kmqhvq,11AM
Ava Cjtbxf,10AM
Spencer Hkwjpf,10AM
Eugene Ooklrj,11AM
Vani Rjuljy,9AM
Huiyu Yxagxh,9AM
Austin Bkbagq,10AM
Joan Ystfod,10AM
Zilin Oocmch,9AM
Gaoyuan Dtvxzp,11AM
Anika Ftziyu,11AM
Yash Kjuctd,11AM
Riya Bwdbaj,9AM
Song Ojeadz,9AM
Ember Gtcwjq,10AM
Spring Bonstm,10AM
Annie Rfithz,11AM
Preston Lazizx,10AM
Josiah Oluwtc,11AM
Eric Sntlnm,9AM
Isha Uxaepx,9AM
James Kzpzai,11AM
David Hojned,10AM
Yichen Hgaeca,9AM
Yuxing Afwdod,10AM
Kenji Coqaeh,9AM
Yajing Vvogui,10AM
Neha Nvvzol,11AM
Madonna Sjvtmt,11AM
Mimi Uzoaup,10AM
Siya Clghge,9AM
Tony Tndcml,11AM
Kayla Vdrcns,9AM
Fiona Byqvcb,11AM
Angela Kaykrb,9AM
Anastasia Xmoztl,10AM
Chandra Wxoopb,10AM
Sophie Mhcpha,11AM
Nebiu Azmttr,10AM
Risa Duwmfc,10AM
Aadya Esfudl,10AM
Kelis Ofbjrz,10AM
Kayla Heqjml,10AM
Ryan Sbvsnc,10AM
Morgan Zkrtve,9AM
Yiming Bdxkap,10AM
James Oatqaa,11AM
Ryan Ysafne,10AM
Diego Xyhata,10AM
Rafael Dadawp,10AM
Peter Eevvyz,10AM
Brian Ubutvd,11AM
Yiwen Edhkig,9AM
Yan Glfffn,10AM
Sabrina Pqxnca,9AM
Anthony Hodmqc,10AM
Alice Blfhen,11AM
Ishi Ktrhty,11AM
Jiayi Fqxrec,11AM
Holden Gpjvja,10AM
Issra Aaozht,10AM
Evelyn Gpfijz,9AM
Yiji Zxqtoj,11AM
Vivek Ucacbu,10AM
Alexander Hygwsz,9AM
Pengjie Vjlukr,11AM
Cameron Gwuscx,10AM
Aekta Kxrtok,11AM
Devin Berqpv,10AM
Aryaman Kmmgbm,11AM
Yihan Gsdoxr,10AM
Yiren Cljtps,11AM
Christina Iehomq,9AM
Jack Gsgaic,11AM
Jennifer Jbgcjp,9AM
Ye Pdonoa,10AM
Jake Dchpih,10AM
Anmol Eqlwpy,10AM
Holly Gmnygi,9AM
Eliza Itczuj,11AM
Nishant Dayrpj,10AM
Le Tokjbn,10AM
Gianncarlo Kzpazv,9AM
Charn Rleibf,10AM
Shannon Lrmfua,11AM
Bryan Mulsga,10AM
Diya Babgok,10AM
Adriane Jhhaur,9AM
Ashutosh Erlzgf,11AM
Shray Ldoaqq,10AM
Christian Jbmajn,9AM
Bryan Ubueep,10AM
Temyal Cdwdzb,9AM
Ruochen Cuejlk,9AM
Jason Gobkxi,11AM
Soichiro Gmxtbk,10AM
Patricia Kqwqtf,10AM
Sammy Vwcaqj,11AM
Sujit Jxkroi,11AM
Sandy Dgbmnh,11AM
Wesley Maqdtc,10AM
Yashvi Uokofr,10AM
Jennifer Yujbfi,9AM
Gautham Hgtuhu,10AM
Santiago Ccscii,10AM
Dari Ffjfmo,11AM
Juhan Yrkoge,10AM
Amrutha Ubkjzr,9AM
Matthew Nygyfh,11AM
Ryaan Krrjil,9AM
Ananya Itszrc,11AM
Xuancheng Rbhkgn,10AM
Roman Vdquqz,10AM
Xiu Mkkmgv,10AM
Trevor Xurmku,11AM
Ryan Ymflcq,11AM
Luiz Yndgls,9AM
Theodore Ugrdhb,9AM
Gerardo Iyxxts,11AM
Hannah Lurcef,9AM
Phoebe Wfctxd,10AM
Vishudh Fordjq,9AM
Kareen Ltiiym,11AM
Martin Halztz,9AM
Ziling Yxdcwa,9AM
Yasmin Zvreez,11AM
Nirali Nkpfna,9AM
Yuchen Vkbdjw,9AM
Pushti Ahkatr,10AM
Wilson Qbrvzr,11AM
Helena Lfvjaf,11AM
Ali Dppnwn,9AM
Adam Xdhyvz,11AM
Matthew Qououb,11AM
Richard Apbuev,9AM
Fatima Vhahtg,9AM
Joel Ahacut,10AM
Vivian Qpzbci,9AM
Minh-Huu Xaxhov,10AM
Diya Rwoszq,9AM
Meera Ntcobl,9AM
Wanzheng Dobqqr,10AM
Qingtong Bntzpl,9AM
Aastha Xmvspq,9AM
Yuon Ncsjcz,11AM
Sonya Cpzscb,10AM
Aanya Aglmds,10AM
Vincent Ummorv,10AM
Aaron Kvkqoe,11AM
Matthew Upcxbf,9AM
Byung Wbjgjt,11AM
Xumo Gxbpnb,10AM
Kylan Eqhjcf,11AM
Ashley Lkhdzo,11AM
Cathy Mfafhf,10AM
Alexa Satcvl,11AM
Michael Gdbbid,9AM
Diana Qskgwk,10AM
Justin Xisekj,11AM
Junran Pgbdhx,10AM
Oliver Ajpwjt,11AM
Judith Ukhqrw,10AM
Vanessa Znyfnd,10AM
Pratibha Papeld,10AM
Benson Pwfaqo,10AM
Sandra Ijqrwf,11AM
Dylan Qanlgx,9AM
Audrey Kxljci,10AM
Edward Ahsmdn,10AM
Jose Miaguz,10AM
Charlene Wpduzh,10AM
Jenna Kbxybm,10AM
Hrithik Rfqfmf,10AM
Alexander Jtdmup,11AM
Feiwei Gpretb,9AM
Tiantian Vqspba,11AM
Elii Mgnzds,11AM
Hector Sbwjtu,11AM
Zifan Yjkddd,10AM
Tianxiang Oodafn,10AM
Eduardo Ukwrjk,10AM
Tristan Gtxuwl,11AM
Emma Gkkbfp,9AM
Edwards Meecdo,9AM
Jung Osrhvo,11AM
Douglas Hcvirk,10AM
Collin Glieia,10AM
Indrani Zmebtj,11AM
Junwen Dwqyoy,11AM
Irina Iptuqa,10AM
Fiona Djozue,9AM
Jaeho Crmcbt,9AM
Richard Cvjoeb,11AM
Ivy Eujreo,10AM
Yeyoung Sbwqln,10AM
Noor Pkvjyf,10AM
Supriyaa Xejmti,10AM
Nolan Rqsobv,10AM
Melany Qhhutz,10AM
Viv Wqncar,10AM
Ho Egilio,9AM
Fernando Dlqppq,10AM
Jonathan Ibkame,10AM
Eeshi Zgfmej,10AM
Nathan Xyycyd,11AM
Sandra Ihvymf,9AM
Hengyu Dhfuhc,10AM
Erick Wswbnx,9AM
Yingting Fxywef,11AM
Dayanara Nqfbgi,9AM
Molly Nuhnqj,10AM
Kathryn Mwdpnv,11AM
Sharvari Gllijh,11AM
Robert Mbniqu,10AM
Sirajam Zxdhul,11AM
Zhencheng Jruspk,9AM
Sara Wdmiaq,11AM
Jake Apidos,11AM
Wai Oavgor,9AM
Yi-Hsuan Gfrwvl,11AM
Tatiana Cxihtd,9AM
Chanbin Svuxwz,11AM
Alice Yorchw,10AM
Shannon Sywwbl,10AM
Ryan Fjanlv,9AM
Genevieve Cibjer,9AM
Devon Gncdxq,11AM
Allyson Hknnwt,9AM
